Article;Type;Short Text;Additional Pictures
AS 130 EM EVO;Lautsprecher;130mm Tief-Mitteltöner;2:3
AS 165 E46 EVO;Lautsprecher;165mm Tief-Mitteltöner;
AS 165 EM EVO;Lautsprecher;165mm Tief-Mitteltöner;
AS 165 EVO;Lautsprecher;165mm Tief-Mitteltöner;2
AS 165 FLAT EVO2*;Lautsprecher;165mm Tief-Mitteltöner;
AS 200 EM EVO;Lautsprecher;200mm Tief-Mitteltöner;
AX 08 FLAT EVO EVO;Lautsprecher;200mm Tieftöner;
AX 08 MBL EVO;Lautsprecher;200mm Tieftöner;
AX 08 MBR EVO;Lautsprecher;200mm Tieftöner;
CO 120 EVO;Lautsprecher;19mm Gewebe-Hochtöner;
CO 165 EVO;Lautsprecher;19mm Gewebe-Hochtöner;
COFIT MERCEDES C-CLASS W205 COAX EVO;Lautsprecher;;2:3
CONNECTOR 001;Lautsprecheradapter;Lautsprecheradapterstecker;
CONNECTOR 002;Lautsprecheradapter;Lautsprecheradapterstecker;
CONNECTOR 005;Lautsprecheradapter;Lautsprecheradapterstecker;
CONNECTOR 007;Lautsprecheradapter;Lautsprecheradapterstecker;
CONNECTOR 008;Lautsprecheradapter;Lautsprecheradapterstecker;
CONNECTOR 009;Lautsprecheradapter;Lautsprecheradapterstecker;
CONNECTOR 011;Lautsprecheradapter;Lautsprecheradapterstecker;
CONNECTOR 012;Lautsprecheradapter;Lautsprecheradapterstecker;
CONNECTOR 017;Lautsprecheradapter;Lautsprecheradapterstecker;
CONNECTOR 018;Lautsprecheradapter;Lautsprecheradapterstecker;
CONNECTOR 019;Lautsprecheradapter;Lautsprecheradapterstecker;
CONNECTOR 020;Lautsprecheradapter;Lautsprecheradapterstecker;
CONNECTOR 021;Lautsprecheradapter;Lautsprecheradapterstecker;
CONNECTOR 022;Lautsprecheradapter;Lautsprecheradapterstecker;
CONNECTOR 023;Lautsprecheradapter;Lautsprecheradapterstecker;
CONNECTOR 024;Lautsprecheradapter;Lautsprecheradapterstecker;
EX 80 SQ EVO2;Lautsprecher;80mm Mitteltöner;
FWK MW;Frequenzweiche;6dB Tief-Mittelton-Frequenzweiche;
FWK TW;Frequenzweiche;6dB Hochton-Frequenzweiche;
FWK TW EVO;Frequenzweiche;6dB Hochton-Frequenzweiche;
HS 24 EVO2;Lautsprecher;25mm Gewebe-Hochtöner;
HS 24 GOLF 6+7 EVO2;Lautsprecher;25mm Gewebe-Hochtöner;
HS 24 INSTALL EVO2;Lautsprecher;24mm Gewebe-Hochtöner;
HS 24 MB1 EVO2;Lautsprecher;25mm Gewebe-Hochtöner;
HS 24 VW EVO2;Lautsprecher;25mm Gewebe-Hochtöner;
HS 25 GOLF 6+7 EVO2;Lautsprecher;25mm Gewebe-Hochtöner;
HS 25 INSTALL EVO2;Lautsprecher;25mm Gewebe-Hochtöner;
HS 25 INSTALL EVO2*;Lautsprecher;25mm Gewebe-Hochtöner;
HS 25 VW EVO2;Lautsprecher;25mm Gewebe-Hochtöner;
LSR 200/10 EVO;Lautsprecherring;Lautsprecher-Aufbauringe;
LSR 200 UNI;Lautsprecherring;Lautsprecher-Aufbauringe;
LSR 200 VAG EVO;Lautsprecherring;Lautsprecher-Aufbauringe;
LSR 200-45 VAG EVO;Lautsprecherring;Lautsprecher-Aufbauringe;
LSR 80 GOLF 5;Lautsprecherring;Lautsprecher-Aufbauringe;
LSR AUDI1;Lautsprecherring;Lautsprecher-Aufbauringe;
LSR AUDI2;Lautsprecherring;Lautsprecher-Aufbauringe;
LSR DUCATO EVO;Lautsprecherring;Lautsprecher-Aufbauringe;
LSR FORD 1;Lautsprecherring;Lautsprecher-Aufbauringe;
LSR FORD 2;Lautsprecherring;Lautsprecher-Aufbauringe;
LSR GOLF 5;Lautsprecherring;Lautsprecher-Aufbauringe;
LSR GOLF IV 200;Lautsprecherring;Lautsprecher-Aufbauringe;
LSR Golf IV EVO;Lautsprecherring;Lautsprecher-Aufbauringe;
LSR HYUNDAI1;Lautsprecherring;Lautsprecher-Aufbauringe;
LSR MERC1;Lautsprecherring;Lautsprecher-Aufbauringe;
LSR MERC2;Lautsprecherring;Lautsprecher-Aufbauringe;
LSR MERC3;Lautsprecherring;Lautsprecher-Aufbauringe;
LSR OPEL1;Lautsprecherring;Lautsprecher-Aufbauringe;
LSR SPRINTER;Lautsprecherring;Lautsprecher-Aufbauringe;
LSR VAG EVO;Lautsprecherring;Lautsprecher-Aufbauringe;
LSR VAG2;Lautsprecherring;Lautsprecher-Aufbauringe;
LSR VW PASSAT 3C;Lautsprecherring;Lautsprecher-Aufbauringe;
LSR-UNI-TW;Hochtonhalterung;Universal-Hochtonhalterung;
MBR165;Lautsprecherring;Lautsprecher-Spritzwasser-Schutzringe;2:3
MBR200;Lautsprecherring;Lautsprecher-Spritzwasser-Schutzringe;
MS 130 EVO;Lautsprecher;130mm Mitteltöner;
MS 165 EVO;Lautsprecher;165mm Mitteltöner;
MXC 165 EVO;Lautsprecher;13mm Gewebe-Hochtöner;
XC 120 EVO;Lautsprecher;120mm Hoch-Mitteltöner;2:3
XC 406 EVO;Lautsprecher;4x6 mm Hoch-Mitteltöner;2:3
XC 165 EVO;Lautsprecher;165mm Hoch-Mitteltöner;2:3
MS 100 MB1 EVO;Lautsprecher;100mm Mittetöner;
RSCT 1,5 VAG;Lautsprecherkabel;Lautsprecherkabel;
RSCT 1,5 VAG-3;Lautsprecherkabel;Lautsprecherkabel;
