Article;Vehicle Reference;EAN;Series;Type;Price;Part 1;Part 2;Part 3;Part 4;Part 5;Part 6;Part 7;Part 8;Part 9;Part 10;Part 11;Part 12;Part 13;Part 14;Part 15;Part 16;Part 17;Part 18;Part 19;Part 20;Additional pics
COFIT MERCEDES C-CLASS W205 COAX EVO;100028;4251834500297;COFITCOAXMERCEDESEVO;Speaker Set Rear;140;COFIT MERCEDES C-CLASS W205 COAX EVO;;;;;;;;;;;;;;;;;;;;2:3
COFIT MERCEDES C-CLASS W205 COAX EVO;100029;4251834500297;COFITCOAXMERCEDESEVO;Speaker Set Rear;140;COFIT MERCEDES C-CLASS W205 COAX EVO;;;;;;;;;;;;;;;;;;;;
COFIT MERCEDES C-CLASS W205 COAX EVO;100030;4251834500297;COFITCOAXMERCEDESEVO;Speaker Set Rear;140;COFIT MERCEDES C-CLASS W205 COAX EVO;;;;;;;;;;;;;;;;;;;;
COFIT MERCEDES C-CLASS W205 COAX EVO;100031;4251834500297;COFITCOAXMERCEDESEVO;Speaker Set Rear;140;COFIT MERCEDES C-CLASS W205 COAX EVO;;;;;;;;;;;;;;;;;;;;
COFIT MERCEDES C-CLASS W205 EVO;100028;4251834500273;COFITMERCEDESEVO;Speaker Set Front;450;COFIT MERCEDES C-CLASS W205 COAX EVO;AX 08 MBL EVO;AX 08 MBR EVO;FWK W205;;;;;;;;;;;;;;;;;
COFIT MERCEDES C-CLASS W205 EVO;100029;4251834500273;COFITMERCEDESEVO;Speaker Set Front;450;COFIT MERCEDES C-CLASS W205 COAX EVO;AX 08 MBL EVO;AX 08 MBR EVO;FWK W205;;;;;;;;;;;;;;;;;
COFIT MERCEDES C-CLASS W205 EVO;100030;4251834500273;COFITMERCEDESEVO;Speaker Set Front;450;COFIT MERCEDES C-CLASS W205 COAX EVO;AX 08 MBL EVO;AX 08 MBR EVO;FWK W205;;;;;;;;;;;;;;;;;
COFIT MERCEDES C-CLASS W205 EVO;100031;4251834500273;COFITMERCEDESEVO;Speaker Set Front;450;COFIT MERCEDES C-CLASS W205 COAX EVO;AX 08 MBL EVO;AX 08 MBR EVO;FWK W205;;;;;;;;;;;;;;;;;
COFIT MERCEDES E-CLASS CABRIO A238 COAX EVO;100032;4251834501911;COFITCOAXMERCEDESEVO;Speaker Set Rear;140;COFIT MERCEDES C-CLASS W205 COAX EVO;;;;;;;;;;;;;;;;;;;;
COFIT MERCEDES E-CLASS CABRIO A238 EVO;100032;4251834501850;COFITMERCEDESEVO;Speaker Set Front;450;COFIT MERCEDES C-CLASS W205 COAX EVO;AX 08 MBL EVO;AX 08 MBR EVO;FWK W205;;;;;;;;;;;;;;;;;
COFIT MERCEDES E-CLASS COUPE C238 COAX EVO;100033;4251834501904;COFITCOAXMERCEDESEVO;Speaker Set Rear;140;COFIT MERCEDES C-CLASS W205 COAX EVO;;;;;;;;;;;;;;;;;;;;
COFIT MERCEDES E-CLASS COUPE C238 EVO;100033;4251834501843;COFITMERCEDESEVO;Speaker Set Front;450;COFIT MERCEDES C-CLASS W205 COAX EVO;AX 08 MBL EVO;AX 08 MBR EVO;FWK W205;;;;;;;;;;;;;;;;;
COFIT MERCEDES E-CLASS W213 COAX EVO;100034;4251834501898;COFITCOAXMERCEDESEVO;Speaker Set Rear;140;COFIT MERCEDES C-CLASS W205 COAX EVO;;;;;;;;;;;;;;;;;;;;
COFIT MERCEDES E-CLASS W213 COAX EVO;100035;4251834501898;COFITCOAXMERCEDESEVO;Speaker Set Rear;140;COFIT MERCEDES C-CLASS W205 COAX EVO;;;;;;;;;;;;;;;;;;;;
COFIT MERCEDES E-CLASS W213 EVO;100034;4251834501836;COFITMERCEDESEVO;Speaker Set Front;450;COFIT MERCEDES C-CLASS W205 COAX EVO;AX 08 MBL EVO;AX 08 MBR EVO;FWK W205;;;;;;;;;;;;;;;;;
COFIT MERCEDES E-CLASS W213 EVO;100035;4251834501836;COFITMERCEDESEVO;Speaker Set Front;450;COFIT MERCEDES C-CLASS W205 COAX EVO;AX 08 MBL EVO;AX 08 MBR EVO;FWK W205;;;;;;;;;;;;;;;;;
COFIT MERCEDES GLC COUPE C253 COAX EVO;100036;4251834501881;COFITCOAXMERCEDESEVO;Speaker Set Rear;140;COFIT MERCEDES C-CLASS W205 COAX EVO;;;;;;;;;;;;;;;;;;;;
COFIT MERCEDES GLC COUPE C253 EVO;100036;4251834501843;COFITMERCEDESEVO;Speaker Set Front;450;COFIT MERCEDES C-CLASS W205 COAX EVO;AX 08 MBL EVO;AX 08 MBR EVO;FWK W205;;;;;;;;;;;;;;;;;
COFIT MERCEDES GLC SUV X253 EVO;100037;4251834501812;COFITMERCEDESEVO;Speaker Set Front;450;COFIT MERCEDES C-CLASS W205 COAX EVO;AX 08 MBL EVO;AX 08 MBR EVO;FWK W205;;;;;;;;;;;;;;;;;
COFIT MERCEDES GLC SUV X253 COAX EVO;100037;4251834501874;COFITCOAXMERCEDESEVO;Speaker Set Rear;140;COFIT MERCEDES C-CLASS W205 COAX EVO;;;;;;;;;;;;;;;;;;;;
COFIT MERCEDES W124 EVO;100044;4260101647085;COFITMERCEDESEVO;Speaker Set Front;135;CO 120 EVO;CONNECTOR 013;;;;;;;;;;;;;;;;;;;
COFIT VW Bora Rear EVO;100066;4251834506138;COFIT165EVO;Speaker Set Rear;160;CO 165 EVO;LSR VAG EVO;RSCT 1,5 VAG;CONNECTOR 020;;;;;;;;;;;;;;;;;
COFIT VW Eos Rear EVO;100067;4251834506169;COFIT165EVO;Speaker Set Rear;160;CO 165 EVO;LSR VAG EVO;RSCT 1,5 VAG-3;CONNECTOR 020;;;;;;;;;;;;;;;;;
COFIT VW Golf 4 Rear-3 EVO;100070;4251834506190;COFIT165EVO;Speaker Set Rear;160;CO 165 EVO;LSR VAG EVO;RSCT 1,5 VAG-3;CONNECTOR 020;;;;;;;;;;;;;;;;;
COFIT VW Golf 4 Rear-5 EVO;100070;4251834506220;COFIT165EVO;Speaker Set Rear;160;CO 165 EVO;LSR VAG EVO;RSCT 1,5 VAG;CONNECTOR 020;;;;;;;;;;;;;;;;;
COFIT VW Golf 5 Rear-3 EVO;100071;4251834506251;COFIT165EVO;Speaker Set Rear;160;CO 165 EVO;LSR VAG EVO;RSCT 1,5 VAG-3;CONNECTOR 020;;;;;;;;;;;;;;;;;
COFIT VW Golf 5 Rear-5 EVO;100071;4251834506282;COFIT165EVO;Speaker Set Rear;160;CO 165 EVO;LSR VAG EVO;RSCT 1,5 VAG;CONNECTOR 020;;;;;;;;;;;;;;;;;
COFIT VW Golf 6 Rear-3 EVO;100072;4251834506312;COFIT165EVO;Speaker Set Rear;160;CO 165 EVO;LSR VAG EVO;RSCT 1,5 VAG-3;CONNECTOR 020;;;;;;;;;;;;;;;;;
COFIT VW Golf 6 Rear-5 EVO;100072;4251834506343;COFIT165EVO;Speaker Set Rear;160;CO 165 EVO;LSR VAG EVO;RSCT 1,5 VAG-3;CONNECTOR 020;;;;;;;;;;;;;;;;;
COFIT VW Golf 7 Rear-3 EVO;100073;4251834506374;COFIT165EVO;Speaker Set Rear;160;CO 165 EVO;LSR VAG EVO;RSCT 1,5 VAG-3;CONNECTOR 020;;;;;;;;;;;;;;;;;
COFIT VW Golf 7 Rear-5 EVO;100073;4251834506404;COFIT165EVO;Speaker Set Rear;160;CO 165 EVO;LSR VAG EVO;RSCT 1,5 VAG-3;CONNECTOR 020;;;;;;;;;;;;;;;;;
COFIT VW Golf 8 Rear EVO;100074;4251834506435;COFIT165EVO;Speaker Set Rear;160;CO 165 EVO;LSR VAG EVO;RSCT 1,5 VAG-3;CONNECTOR 020;;;;;;;;;;;;;;;;;
COFIT VW ID.4 REAR EVO;100075;4251834506466;COFIT165EVO;Speaker Set Rear;160;CO 165 EVO;LSR VAG EVO;RSCT 1,5 VAG;CONNECTOR 020;;;;;;;;;;;;;;;;;
COFIT VW LUPO REAR-3 EVO;100076;4251834506497;COFIT165EVO;Speaker Set Rear;160;CO 165 EVO;LSR VAG EVO;RSCT 1,5 VAG;CONNECTOR 020;;;;;;;;;;;;;;;;;
COFIT VW LUPO REAR-5 EVO;100076;4251834506916;COFIT165EVO;Speaker Set Rear;160;CO 165 EVO;LSR VAG EVO;RSCT 1,5 VAG;CONNECTOR 020;;;;;;;;;;;;;;;;;
COFIT VW PASSAT 3B(G) REAR EVO;100078;4251834506527;COFIT165EVO;Speaker Set Rear;160;CO 165 EVO;LSR VAG EVO;RSCT 1,5 VAG;CONNECTOR 020;;;;;;;;;;;;;;;;;
COFIT VW PASSAT 3C REAR EVO;100079;4251834506558;COFIT165EVO;Speaker Set Rear;160;CO 165 EVO;LSR VAG EVO;RSCT 1,5 VAG;CONNECTOR 020;;;;;;;;;;;;;;;;;
COFIT VW POLO 6C REAR-3 EVO;100082;4251834506640;COFIT165EVO;Speaker Set Rear;160;CO 165 EVO;LSR VAG EVO;RSCT 1,5 VAG-3;CONNECTOR 020;;;;;;;;;;;;;;;;;
COFIT VW POLO 6C REAR-5 EVO;100082;4251834506886;COFIT165EVO;Speaker Set Rear;160;CO 165 EVO;LSR VAG EVO;RSCT 1,5 VAG;CONNECTOR 020;;;;;;;;;;;;;;;;;
COFIT VW POLO 6R REAR-3 EVO;100081;4251834506619;COFIT165EVO;Speaker Set Rear;160;CO 165 EVO;LSR VAG EVO;RSCT 1,5 VAG-3;CONNECTOR 020;;;;;;;;;;;;;;;;;
COFIT VW POLO 6R REAR-5 EVO;100081;4251834506855;COFIT165EVO;Speaker Set Rear;160;CO 165 EVO;LSR VAG EVO;RSCT 1,5 VAG;CONNECTOR 020;;;;;;;;;;;;;;;;;
COFIT VW POLO 9N REAR-3 EVO;100080;4251834506589;COFIT165EVO;Speaker Set Rear;160;CO 165 EVO;LSR VAG EVO;RSCT 1,5 VAG-3;CONNECTOR 020;;;;;;;;;;;;;;;;;
COFIT VW POLO 9N REAR-5 EVO;100080;4251834506824;COFIT165EVO;Speaker Set Rear;160;CO 165 EVO;LSR VAG EVO;RSCT 1,5 VAG;CONNECTOR 020;;;;;;;;;;;;;;;;;
COFIT VW POLO AW REAR EVO;100083;4251834506671;COFIT165EVO;Speaker Set Rear;160;CO 165 EVO;LSR VAG EVO;RSCT 1,5 VAG;CONNECTOR 020;;;;;;;;;;;;;;;;;
COFIT VW SCIROCCO 3 REAR EVO;100086;4251834506701;COFIT165EVO;Speaker Set Rear;160;CO 165 EVO;LSR VAG EVO;RSCT 1,5 VAG-3;CONNECTOR 020;;;;;;;;;;;;;;;;;
COFIT VW T4 REAR EVO;100087;4260101647092;COFIT120EVO;Speaker Set Rear;135;CO 120 EVO;CONNECTOR 013;;;;;;;;;;;;;;;;;;;
COFIT VW TOURAN 5T REAR EVO;100091;4251834506794;COFIT165EVO;Speaker Set Rear;160;CO 165 EVO;LSR VAG EVO;RSCT 1,5 VAG;CONNECTOR 020;;;;;;;;;;;;;;;;;
COFIT VW UP! REAR-3 EVO;100092;4251834506732;COFIT165EVO;Speaker Set Rear;160;CO 165 EVO;LSR VAG EVO;RSCT 1,5 VAG-3;CONNECTOR 020;;;;;;;;;;;;;;;;;
COFIT VW UP! REAR-5 EVO;100092;4251834506763;COFIT165EVO;Speaker Set Rear;160;CO 165 EVO;LSR VAG EVO;RSCT 1,5 VAG;CONNECTOR 020;;;;;;;;;;;;;;;;;
MFIT AUDI A3 8L EVO2;100001;4251834500068;MFIT130EVO2;Speaker Set Front;170;MS 130 EVO;HS 24 INSTALL EVO2;FWK TW;LSR-UNI-TW;LSR AUDI1;CONNECTOR 007;;;;;;;;;;;;;;;
MFIT AUDI A3 8P EVO2;100002;4251834500006;MFIT165EVO2;Speaker Set Front;170;MS 165 EVO;HS 24 INSTALL EVO2;FWK TW;LSR-UNI-TW;LSR VAG2;CONNECTOR 011;;;;;;;;;;;;;;;
MFIT AUDI A4 B5 EVO2;100004;4251834500327;MFIT130EVO2;Speaker Set Front;170;MS 130 EVO;HS 24 INSTALL EVO2;FWK TW;LSR-UNI-TW;LSR AUDI2;CONNECTOR 007;;;;;;;;;;;;;;;
MFIT AUDI A4 B6 EVO2;100005;4251834501256;MFIT165EVO2;Speaker Set Front;170;MS 165 EVO;HS 24 INSTALL EVO2;FWK TW;LSR-UNI-TW;LSR VAG2;CONNECTOR 011;;;;;;;;;;;;;;;
MFIT AUDI A4 B7 EVO2;100006;4251834501263;MFIT165EVO2;Speaker Set Front;170;MS 165 EVO;HS 24 INSTALL EVO2;FWK TW;LSR-UNI-TW;LSR VAG2;CONNECTOR 011;;;;;;;;;;;;;;;
MFIT AUDI R8 42 EVO2;100016;4251834500020;MFIT165EVO2;Speaker Set Front;170;MS 165 EVO;HS 24 INSTALL EVO2;FWK TW;LSR-UNI-TW;LSR VAG2;CONNECTOR 011;;;;;;;;;;;;;;;
MFIT CITROEN JUMPER EVO 2;100019;4260101649584;MFIT165EVO2;Speaker Set Front;170;MS 165 EVO;HS 24 INSTALL EVO2;FWK TW;LSR-UNI-TW;LSR DUCATO EVO;CONNECTOR 007;CONNECTOR 009;;;;;;;;;;;;;;
MFIT FIAT DUCATO EVO 2;100020;4260101646699;MFIT165EVO2;Speaker Set Front;170;MS 165 EVO;HS 24 INSTALL EVO2;FWK TW;LSR-UNI-TW;LSR DUCATO EVO;CONNECTOR 007;CONNECTOR 009;;;;;;;;;;;;;;
MFIT FORD FOCUS MK3 EVO2;100021;4251834503144;MFIT165EVO2;Speaker Set Front;170;MS 165 EVO;HS 24 INSTALL EVO2;FWK TW;LSR FORD 1;CONNECTOR 021;;;;;;;;;;;;;;;;
MFIT FORD TRANSIT 6 CONNECT EVO2;100022;4251834506046;MFIT165EVO2;Speaker Set Front;170;MS 165 EVO;HS 24 INSTALL EVO2;FWK TW;LSR-UNI-TW;LSR FORD2;CONNECTOR 017;CONNECTOR 024;;;;;;;;;;;;;;
MFIT FORD TRANSIT 6 CUSTOM EVO2;100023;4251834506060;MFIT165EVO2;Speaker Set Front;170;MS 165 EVO;HS 24 INSTALL EVO2;FWK TW;LSR-UNI-TW;LSR FORD2;CONNECTOR 017;CONNECTOR 024;;;;;;;;;;;;;;
MFIT HYUNDAI I30 PD EVO2;100024;4251834506039;MFIT165EVO2;Speaker Set Front;170;MS 165 EVO;HS 24 INSTALL EVO2;FWK TW;LSR-UNI-TW;LSR HYUNDAI1;CONNECTOR 022;CONNECTOR 023;;;;;;;;;;;;;;
MFIT LAMBORHINI GALLARDO EVO2;100025;4251834500037;MFIT165EVO2;Speaker Set Front;170;MS 165 EVO;HS 24 INSTALL EVO2;FWK TW;LSR-UNI-TW;LSR VAG2;CONNECTOR 011;;;;;;;;;;;;;;;
MFIT MERCEDES C-CLASS W203 EVO2;100026;4251834501553;MFIT165EVO2;Speaker Set Front;170;MS 165 EVO;HS 24 INSTALL EVO2;FWK TW;LSR MERC3;CONNECTOR 005;CONNECTOR 019;;;;;;;;;;;;;;;
MFIT MERCEDES C-CLASS W204 EVO2;100027;4251834501577;MFIT165EVO2;Speaker Set Front;170;MS 165 EVO;HS 24 INSTALL EVO2;FWK TW;LSR MERC1;CONNECTOR 005;CONNECTOR 011;;;;;;;;;;;;;;;
MFIT MERCEDES C-CLASS W205 EVO;100028;4251834500266;MFITMERCEDESEVO;Speaker Set Front;500;HS 24 MB1 EVO2;FWK TW;MS 100 MB1 EVO;AX 08 MBL EVO;AX 08 MBR EVO;FWK W205;;;;;;;;;;;;;;;
MFIT MERCEDES C-CLASS W205 EVO;100029;4251834500266;MFITMERCEDESEVO;Speaker Set Front;500;HS 24 MB1 EVO2;FWK TW;MS 100 MB1 EVO;AX 08 MBL EVO;AX 08 MBR EVO;FWK W205;;;;;;;;;;;;;;;
MFIT MERCEDES C-CLASS W205 EVO;100030;4251834500266;MFITMERCEDESEVO;Speaker Set Front;500;HS 24 MB1 EVO2;FWK TW;MS 100 MB1 EVO;AX 08 MBL EVO;AX 08 MBR EVO;FWK W205;;;;;;;;;;;;;;;
MFIT MERCEDES C-CLASS W205 EVO;100031;4251834500266;MFITMERCEDESEVO;Speaker Set Front;500;HS 24 MB1 EVO2;FWK TW;MS 100 MB1 EVO;AX 08 MBL EVO;AX 08 MBR EVO;FWK W205;;;;;;;;;;;;;;;
MFIT MERCEDES E-CLASS CABRIO A238 EVO;100032;4251834501799;MFITMERCEDESEVO;Speaker Set Front;500;HS 24 MB1 EVO2;FWK TW;MS 100 MB1 EVO;AX 08 MBL EVO;AX 08 MBR EVO;FWK W205;;;;;;;;;;;;;;;
MFIT MERCEDES E-CLASS COUPE C238 EVO;100033;4251834501782;MFITMERCEDESEVO;Speaker Set Front;500;HS 24 MB1 EVO2;FWK TW;MS 100 MB1 EVO;AX 08 MBL EVO;AX 08 MBR EVO;FWK W205;;;;;;;;;;;;;;;
MFIT MERCEDES E-CLASS W213 EVO;100034;4251834501775;MFITMERCEDESEVO;Speaker Set Front;500;HS 24 MB1 EVO2;FWK TW;MS 100 MB1 EVO;AX 08 MBL EVO;AX 08 MBR EVO;FWK W205;;;;;;;;;;;;;;;
MFIT MERCEDES E-CLASS W213 EVO;100035;4251834501775;MFITMERCEDESEVO;Speaker Set Front;500;HS 24 MB1 EVO2;FWK TW;MS 100 MB1 EVO;AX 08 MBL EVO;AX 08 MBR EVO;FWK W205;;;;;;;;;;;;;;;
MFIT MERCEDES GLC COUPE C253 EVO;100036;4251834501768;MFITMERCEDESEVO;Speaker Set Front;500;HS 24 MB1 EVO2;FWK TW;MS 100 MB1 EVO;AX 08 MBL EVO;AX 08 MBR EVO;FWK W205;;;;;;;;;;;;;;;
MFIT MERCEDES GLC SUV X253 EVO;100037;4251834501751;MFITMERCEDESEVO;Speaker Set Front;500;HS 24 MB1 EVO2;FWK TW;MS 100 MB1 EVO;AX 08 MBL EVO;AX 08 MBR EVO;FWK W205;;;;;;;;;;;;;;;
MFIT MERCEDES SPRINTER W906 EVO2;100038;4251834500471;MFIT130EVO2;Speaker Set Front;170;MS 130 EVO;HS 24 INSTALL EVO2;FWK TW;LSR-UNI-TW;LSR MERC2;CONNECTOR 005;CONNECTOR 012;;;;;;;;;;;;;;
MFIT MERCEDES SPRINTER W907 EVO2;100039;4251834503168;MFIT165EVO2;Speaker Set Front;170;MS 165 EVO;HS 24 INSTALL EVO2;FWK TW*;LSR SPRINTER;CONNECTOR 014;CONNECTOR 011;;;;;;;;;;;;;;;
MFIT MERCEDES V-CLASS W447 EVO2;100040;4251834501294;MFIT165EVO2;Speaker Set Front;170;MS 165 EVO;HS 24 INSTALL EVO2;FWK TW;LSR MERC1;CONNECTOR 005;CONNECTOR 011;;;;;;;;;;;;;;;
MFIT MERCEDES VIANO W639 EVO2;100043;4251834500471;MFIT130EVO2;Speaker Set Front;170;MS 130 EVO;HS 24 EVO2;FWK TW;LSR MERC2;CONNECTOR 005;CONNECTOR 012;;;;;;;;;;;;;;;
MFIT MERCEDES VITO W447 EVO2;100041;4260101646026;MFIT165EVO2;Speaker Set Front;170;MS 165 EVO;HS 24 INSTALL EVO2;FWK TW;LSR MERC1;CONNECTOR 005;CONNECTOR 011;;;;;;;;;;;;;;;
MFIT MERCEDES VITO W639 EVO2;100042;4251834500488;MFIT130EVO2;Speaker Set Front;170;MS 130 EVO;HS 24 EVO2;FWK TW;LSR MERC2;CONNECTOR 005;CONNECTOR 012;;;;;;;;;;;;;;;
MFIT MERCEDES X-CLASS 470 EVO2;100045;4260101646033;MFIT165EVO2;Speaker Set Front;170;MS 165 EVO;HS 24 INSTALL EVO2;FWK TW;LSR MERC1;CONNECTOR 005;CONNECTOR 011;;;;;;;;;;;;;;;
MFIT OPEL ADAM EVO2;100046;4251834500549;MFIT165EVO2;Speaker Set Front;170;MS 165 EVO;HS 24 INSTALL EVO2;FWK TW;LSR-UNI-TW;LSR OPEL1;CONNECTOR 009;CONNECTOR 017;;;;;;;;;;;;;;
MFIT OPEL ASTRA J EVO2;100047;4251834500556;MFIT165EVO2;Speaker Set Front;170;MS 165 EVO;HS 24 INSTALL EVO2;FWK TW;LSR-UNI-TW;LSR OPEL1;CONNECTOR 009;CONNECTOR 017;;;;;;;;;;;;;;
MFIT OPEL ASTRA K EVO2;100048;4251834500563;MFIT165EVO2;Speaker Set Front;170;MS 165 EVO;HS 24 INSTALL EVO2;FWK TW;LSR-UNI-TW;LSR OPEL1;CONNECTOR 009;CONNECTOR 017;;;;;;;;;;;;;;
MFIT OPEL INSIGNIA A EVO2;100049;4251834500570;MFIT165EVO2;Speaker Set Front;170;MS 165 EVO;HS 24 INSTALL EVO2;FWK TW;LSR-UNI-TW;LSR OPEL1;CONNECTOR 009;CONNECTOR 017;;;;;;;;;;;;;;
MFIT OPEL KARL EVO2;100050;4251834500617;MFIT165EVO2;Speaker Set Front;170;MS 165 EVO;HS 24 INSTALL EVO2;FWK TW;LSR-UNI-TW;LSR OPEL1;CONNECTOR 009;CONNECTOR 017;;;;;;;;;;;;;;
MFIT OPEL MERIVA B EVO2;100051;4251834500624;MFIT165EVO2;Speaker Set Front;170;MS 165 EVO;HS 24 INSTALL EVO2;FWK TW;LSR-UNI-TW;LSR OPEL1;CONNECTOR 009;CONNECTOR 017;;;;;;;;;;;;;;
MFIT OPEL MOKKA A EVO2;100052;4251834500631;MFIT165EVO2;Speaker Set Front;170;MS 165 EVO;HS 24 INSTALL EVO2;FWK TW;LSR-UNI-TW;LSR OPEL1;CONNECTOR 009;CONNECTOR 017;;;;;;;;;;;;;;
MFIT OPEL MOKKA X EVO2;100053;4251834500648;MFIT165EVO2;Speaker Set Front;170;MS 165 EVO;HS 24 INSTALL EVO2;FWK TW;LSR-UNI-TW;LSR OPEL1;CONNECTOR 009;CONNECTOR 017;;;;;;;;;;;;;;
MFIT OPEL ZAFIRA TOURER EVO2;100054;4251834500655;MFIT165EVO2;Speaker Set Front;170;MS 165 EVO;HS 24 INSTALL EVO2;FWK TW;LSR-UNI-TW;LSR OPEL1;CONNECTOR 009;CONNECTOR 017;;;;;;;;;;;;;;
MFIT PEUGEOT BOXER EVO2;100055;4260101649591;MFIT165EVO2;Speaker Set Front;170;AS 165 EM EVO;HS 25 INSTALL EVO2;FWK TW EVO;LSR-UNI-TW;LSR DUCATO EVO;CONNECTOR 007;CONNECTOR 009;FWK MW;;;;;;;;;;;;;
MFIT SAAB 9-3I EVO2;100057;4251834500051;MFIT165EVO2;Speaker Set Front;170;MS 165 EVO;HS 24 INSTALL EVO2;FWK TW;LSR-UNI-TW;LSR VAG2;CONNECTOR 011;;;;;;;;;;;;;;;
MFIT SEAT EXEO EVO2;100059;4251834500044;MFIT165EVO2;Speaker Set Front;170;MS 165 EVO;HS 24 INSTALL EVO2;FWK TW;LSR-UNI-TW;LSR VAG2;CONNECTOR 011;;;;;;;;;;;;;;;
MFIT SEAT IBIZA 6F EVO2;100061;4251834506947;MFIT165EVO2;Speaker Set Front;170;MS 165 EVO;HS 24 VW EVO 2;FWK TW;LSR VAG EVO;CONNECTOR 008;;;;;;;;;;;;;;;;
MFIT SKODA FABIA 6Y EVO2;100063;4251834506084;MFIT165EVO2;Speaker Set Front;170;MS 165 EVO;HS 24 VW EVO 2;FWK TW;LSR VAG EVO;CONNECTOR 001;CONNECTOR 020;;;;;;;;;;;;;;;
MFIT SKODA OCTAVIA 5E EVO2;100064;4251834501331;MFIT165EVO2;Speaker Set Front;170;MS 165 EVO;HS 24 VW EVO 2;FWK TW;LSR VAG EVO;CONNECTOR 005;CONNECTOR 011;;;;;;;;;;;;;;;
MFIT SKODA SUPERB 3V EVO2;100065;4251834501348;MFIT165EVO2;Speaker Set Front;170;MS 165 EVO;HS 24 VW EVO 2;FWK TW;LSR VAG EVO;CONNECTOR 005;CONNECTOR 011;;;;;;;;;;;;;;;
MFIT SEAT AROSA EVO2;100058;4251834502611;MFIT165EVO2;Speaker Set Front;170;MS 165 EVO;HS 24 VW EVO 2;FWK TW;LSR VAG EVO;CONNECTOR 001;CONNECTOR 002;;;;;;;;;;;;;;;
MFIT VW BORA EVO2;100066;4251834500198;MFIT165EVO2;Speaker Set Front;170;MS 165 EVO;HS 24 VW EVO 2;FWK TW;LSR VAG EVO;CONNECTOR 001;CONNECTOR 002;;;;;;;;;;;;;;;
MFIT VW EOS EVO2;100067;4251834500112;MFIT165EVO2;Speaker Set Front;170;MS 165 EVO;HS 24 VW EVO 2;FWK TW;LSR VAG EVO;CONNECTOR 001;CONNECTOR 002;;;;;;;;;;;;;;;
MFIT VW GOLF 4 EVO2;100070;4251834500174;MFIT165EVO2;Speaker Set Front;170;MS 165 EVO;HS 24 VW EVO 2;FWK TW;LSR VAG EVO;CONNECTOR 001;CONNECTOR 002;;;;;;;;;;;;;;;
MFIT VW GOLF 5 EVO2;100071;4251834501492;MFIT2EVO2;Speaker Set Front;400;HS 24 VW EVO2;EX 80 SQ EVO2;AX 08 FLAT EVO2;LSR 80 GOLF 5;LSR GOLF 5;FWK TW;CONNECTOR 004;FWK MID;FWK W;;;;;;;;;;;;
MFIT VW GOLF 6 EVO2;100072;4251834500105;MFIT165EVO2;Speaker Set Front;170;MS 165 EVO;HS 24 GOLF 6+7 EVO2;FWK TW;LSR VAG EVO;CONNECTOR 001;CONNECTOR 002;;;;;;;;;;;;;;;
MFIT VW GOLF 7 EVO2;100073;4251834500099;MFIT165EVO2;Speaker Set Front;170;MS 165 EVO;HS 24 GOLF 6+7 EVO2;FWK TW;LSR VAG EVO;CONNECTOR 002;CONNECTOR 020;;;;;;;;;;;;;;;
MFIT VW GOLF 8 EVO2;100074;4251834502451;MFIT165EVO2;Speaker Set Front;170;MS 165 EVO;HS 24 GOLF 6+7 EVO2;FWK TW;LSR VAG EVO;CONNECTOR 002;CONNECTOR 020;;;;;;;;;;;;;;;
MFIT VW LUPO EVO2;100076;4251834502604;MFIT165EVO2;Speaker Set Front;170;MS 165 EVO;HS 24 VW EVO 2;FWK TW;LSR VAG EVO;CONNECTOR 001;CONNECTOR 002;;;;;;;;;;;;;;;
MFIT VW PASSAT 3BG EVO2;100078;4251834500181;MFIT165EVO2;Speaker Set Front;170;MS 165 EVO;HS 24 VW EVO 2;FWK TW;LSR VAG EVO;CONNECTOR 001;CONNECTOR 002;;;;;;;;;;;;;;;
MFIT VW PASSAT 3C EVO2;100079;4251834501515;MFIT165EVO2;Speaker Set Front;170;MS 165 EVO;HS 24 GOLF 6+7 EVO2;FWK TW;LSR VW PASSAT 3C;CONNECTOR 001;CONNECTOR 002;;;;;;;;;;;;;;;
MFIT VW POLO 6C EVO2;100082;4251834500150;MFIT165EVO2;Speaker Set Front;170;MS 165 EVO;HS 24 VW EVO 2;FWK TW;LSR VAG EVO;CONNECTOR 001;CONNECTOR 002;;;;;;;;;;;;;;;
MFIT VW POLO 6R EVO2;100081;4251834500143;MFIT165EVO2;Speaker Set Front;170;MS 165 EVO;HS 24 VW EVO 2;FWK TW;LSR VAG EVO;CONNECTOR 001;CONNECTOR 002;;;;;;;;;;;;;;;
MFIT VW POLO 9N EVO2;100080;4251834500136;MFIT165EVO2;Speaker Set Front;170;MS 165 EVO;HS 24 VW EVO 2;FWK TW;LSR VAG EVO;CONNECTOR 001;CONNECTOR 002;;;;;;;;;;;;;;;
MFIT VW POLO AW EVO2;100083;4251834500167;MFIT165EVO2;Speaker Set Front;170;MS 165 EVO;HS 24 GOLF 6+7 EVO2;FWK TW;LSR VAG EVO;CONNECTOR 001;CONNECTOR 002;;;;;;;;;;;;;;;
MFIT VW SCIROCCO 3 EVO2;100086;4251834500129;MFIT165EVO2;Speaker Set Front;170;MS 165 EVO;HS 24 GOLF 6+7 EVO2;FWK TW;LSR VAG EVO;CONNECTOR 001;CONNECTOR 002;;;;;;;;;;;;;;;
MFIT VW T5 EVO2;100088;4260101645661;MFIT08EVO2;Speaker Set Front;250;AX 08 FLAT EVO EVO;HS 24 INSTALL EVO2;FWK TW;LSR-UNI-TW;LSR 200-45 VAG EVO;CONNECTOR 001;CONNECTOR 002;FWK MW;;;;;;;;;;;;;
MFIT VW T6 EVO2;100089;4260101645678;MFIT08EVO2;Speaker Set Front;250;AX 08 FLAT EVO EVO;HS 24 GOLF 6+7 EVO2;FWK TW;LSR 200-45 VAG EVO;CONNECTOR 001;CONNECTOR 002;FWK MW;;;;;;;;;;;;;;
MFIT VW T6.1 EVO2;100090;4260101645685;MFIT165EVO2;Speaker Set Front;170;MS 165 EVO;HS 24 GOLF 6+7 EVO2;FWK TW;LSR VAG EVO;CONNECTOR 001;CONNECTOR 002;;;;;;;;;;;;;;;
MFIT VW UP! EVO2;100092;4251834502642;MFIT165EVO2;Speaker Set Front;170;MS 165 EVO;HS 24 VW EVO 2;FWK TW;LSR VAG EVO;CONNECTOR 001;CONNECTOR 002;;;;;;;;;;;;;;;
MFIT VW ID.4 EVO2;100075;4251834503106;MFIT165EVO2;Speaker Set Front;170;MS 165 EVO;HS 24 GOLF 6+7 EVO2;FWK TW;LSR VAG EVO;CONNECTOR 002;CONNECTOR 020;;;;;;;;;;;;;;;
MXCFIT VW Bora Rear EVO;100066;4251834506121;MXCFIT165EVO;Speaker Set Rear;120;MXC 165 EVO;LSR VAG EVO;RSCT 1,5 VAG;CONNECTOR 020;;;;;;;;;;;;;;;;;
MXCFIT VW Eos Rear EVO;100067;4251834506152;MXCFIT165EVO;Speaker Set Rear;120;MXC 165 EVO;LSR VAG EVO;RSCT 1,5 VAG-3;CONNECTOR 020;;;;;;;;;;;;;;;;;
MXCFIT VW Golf 4 Rear-3 EVO;100070;4251834506183;MXCFIT165EVO;Speaker Set Rear;120;MXC 165 EVO;LSR VAG EVO;RSCT 1,5 VAG-3;CONNECTOR 020;;;;;;;;;;;;;;;;;
MXCFIT VW Golf 4 Rear-5 EVO;100070;4251834506213;MXCFIT165EVO;Speaker Set Rear;120;MXC 165 EVO;LSR VAG EVO;RSCT 1,5 VAG;CONNECTOR 020;;;;;;;;;;;;;;;;;
MXCFIT VW Golf 5 Rear-3 EVO;100071;4251834506244;MXCFIT165EVO;Speaker Set Rear;120;MXC 165 EVO;LSR VAG EVO;RSCT 1,5 VAG-3;CONNECTOR 020;;;;;;;;;;;;;;;;;
MXCFIT VW Golf 5 Rear-5 EVO;100071;4251834506275;MXCFIT165EVO;Speaker Set Rear;120;MXC 165 EVO;LSR VAG EVO;RSCT 1,5 VAG;CONNECTOR 020;;;;;;;;;;;;;;;;;
MXCFIT VW Golf 6 Rear-3 EVO;100072;4251834506305;MXCFIT165EVO;Speaker Set Rear;120;MXC 165 EVO;LSR VAG EVO;RSCT 1,5 VAG-3;CONNECTOR 020;;;;;;;;;;;;;;;;;
MXCFIT VW Golf 6 Rear-5 EVO;100072;4251834506336;MXCFIT165EVO;Speaker Set Rear;120;MXC 165 EVO;LSR VAG EVO;RSCT 1,5 VAG-3;CONNECTOR 020;;;;;;;;;;;;;;;;;
MXCFIT VW Golf 7 Rear-3 EVO;100073;4251834506367;MXCFIT165EVO;Speaker Set Rear;120;MXC 165 EVO;LSR VAG EVO;RSCT 1,5 VAG-3;CONNECTOR 020;;;;;;;;;;;;;;;;;
MXCFIT VW Golf 7 Rear-5 EVO;100073;4251834506398;MXCFIT165EVO;Speaker Set Rear;120;MXC 165 EVO;LSR VAG EVO;RSCT 1,5 VAG-3;CONNECTOR 020;;;;;;;;;;;;;;;;;
MXCFIT VW Golf 8 Rear EVO;100074;4251834506428;MXCFIT165EVO;Speaker Set Rear;120;MXC 165 EVO;LSR VAG EVO;RSCT 1,5 VAG-3;CONNECTOR 020;;;;;;;;;;;;;;;;;
MXCFIT VW ID.4 REAR EVO;100075;4251834506459;MXCFIT165EVO;Speaker Set Rear;120;MXC 165 EVO;LSR VAG EVO;RSCT 1,5 VAG;CONNECTOR 020;;;;;;;;;;;;;;;;;
MXCFIT VW LUPO REAR-3 EVO;100076;4251834506480;MXCFIT165EVO;Speaker Set Rear;120;MXC 165 EVO;LSR VAG EVO;RSCT 1,5 VAG-3;CONNECTOR 020;;;;;;;;;;;;;;;;;
MXCFIT VW LUPO REAR-5 EVO;100076;4251834506909;MXCFIT165EVO;Speaker Set Rear;120;MXC 165 EVO;LSR VAG EVO;RSCT 1,5 VAG-3;CONNECTOR 020;;;;;;;;;;;;;;;;;
MXCFIT VW PASSAT 3B(G) REAR EVO;100078;4251834506510;MXCFIT165EVO;Speaker Set Rear;120;MXC 165 EVO;LSR VAG EVO;RSCT 1,5 VAG;CONNECTOR 020;;;;;;;;;;;;;;;;;
MXCFIT VW PASSAT 3C REAR EVO;100079;4251834506541;MXCFIT165EVO;Speaker Set Rear;120;MXC 165 EVO;LSR VAG EVO;RSCT 1,5 VAG;CONNECTOR 020;;;;;;;;;;;;;;;;;
MXCFIT VW POLO 6C REAR-3 EVO;100082;4251834506633;MXCFIT165EVO;Speaker Set Rear;120;MXC 165 EVO;LSR VAG EVO;RSCT 1,5 VAG-3;CONNECTOR 020;;;;;;;;;;;;;;;;;
MXCFIT VW POLO 6C REAR-5 EVO;100082;4251834506879;MXCFIT165EVO;Speaker Set Rear;120;MXC 165 EVO;LSR VAG EVO;RSCT 1,5 VAG;CONNECTOR 020;;;;;;;;;;;;;;;;;
MXCFIT VW POLO 6R REAR-3 EVO;100081;4251834506602;MXCFIT165EVO;Speaker Set Rear;120;MXC 165 EVO;LSR VAG EVO;RSCT 1,5 VAG-3;CONNECTOR 020;;;;;;;;;;;;;;;;;
MXCFIT VW POLO 6R REAR-5 EVO;100081;4251834506848;MXCFIT165EVO;Speaker Set Rear;120;MXC 165 EVO;LSR VAG EVO;RSCT 1,5 VAG;CONNECTOR 020;;;;;;;;;;;;;;;;;
MXCFIT VW POLO 9N REAR-3 EVO;100080;4251834506572;MXCFIT165EVO;Speaker Set Rear;120;MXC 165 EVO;LSR VAG EVO;RSCT 1,5 VAG-3;CONNECTOR 020;;;;;;;;;;;;;;;;;
MXCFIT VW POLO 9N REAR-5 EVO;100080;4251834506817;MXCFIT165EVO;Speaker Set Rear;120;MXC 165 EVO;LSR VAG EVO;RSCT 1,5 VAG;CONNECTOR 020;;;;;;;;;;;;;;;;;
MXCFIT VW POLO AW REAR EVO;100083;4251834506664;MXCFIT165EVO;Speaker Set Rear;120;MXC 165 EVO;LSR VAG EVO;RSCT 1,5 VAG;CONNECTOR 020;;;;;;;;;;;;;;;;;
MXCFIT VW SCIROCCO 3 REAR EVO;100086;4251834506695;MXCFIT165EVO;Speaker Set Rear;120;MXC 165 EVO;LSR VAG EVO;RSCT 1,5 VAG-3;CONNECTOR 020;;;;;;;;;;;;;;;;;
MXCFIT VW TOURAN 5T REAR EVO;100091;4251834506787;MXCFIT165EVO;Speaker Set Rear;120;MXC 165 EVO;LSR VAG EVO;RSCT 1,5 VAG;CONNECTOR 020;;;;;;;;;;;;;;;;;
MXCFIT VW UP! REAR-3 EVO;100092;4251834506725;MXCFIT165EVO;Speaker Set Rear;120;MXC 165 EVO;LSR VAG EVO;RSCT 1,5 VAG-3;CONNECTOR 020;;;;;;;;;;;;;;;;;
MXCFIT VW UP! REAR-5 EVO;100092;4251834506756;MXCFIT165EVO;Speaker Set Rear;120;MXC 165 EVO;LSR VAG EVO;RSCT 1,5 VAG;CONNECTOR 020;;;;;;;;;;;;;;;;;
RFIT AUDI A3 8V EVO2;100003;4251834501591;RFIT200EVO2;Speaker Set Front;250;AS 200 EM EVO;HS 24 INSTALL EVO2;FWK TW;LSR-UNI-TW;LSR 200 VAG EVO;CONNECTOR 011;FWK MW;CONNECTOR 018;;;;;;;;;;;;;
RFIT AUDI A4 B8 EVO2;100007;4251834501676;RFIT200EVO2;Speaker Set Front;250;AS 200 EM EVO;HS 24 INSTALL EVO2;FWK TW;LSR-UNI-TW;LSR 200-45 VAG EVO;CONNECTOR 011;FWK MW;CONNECTOR 018;;;;;;;;;;;;;
RFIT AUDI A4 B9 EVO2;100008;4251834501690;RFIT200EVO2;Speaker Set Front;250;AS 200 EM EVO;HS 24 INSTALL EVO2;FWK TW;LSR-UNI-TW;LSR 200-45 VAG EVO;CONNECTOR 011;FWK MW;CONNECTOR 018;;;;;;;;;;;;;
RFIT AUDI A5 8T EVO2;100009;4251834501713;RFIT200EVO2;Speaker Set Front;250;AS 200 EM EVO;HS 24 INSTALL EVO2;FWK TW;LSR-UNI-TW;LSR 200-45 VAG EVO;CONNECTOR 011;FWK MW;CONNECTOR 018;;;;;;;;;;;;;
RFIT AUDI A5 F5 EVO2;100010;4251834501737;RFIT200EVO2;Speaker Set Front;250;AS 200 EM EVO;HS 24 INSTALL EVO2;FWK TW;LSR-UNI-TW;LSR 200-45 VAG EVO;CONNECTOR 011;FWK MW;CONNECTOR 018;;;;;;;;;;;;;
RFIT AUDI A6 C7 EVO2;100011;4251834502802;RFIT200EVO2;Speaker Set Front;250;AS 200 EM EVO;HS 24 INSTALL EVO2;FWK TW;LSR-UNI-TW;LSR 200 VAG EVO;CONNECTOR 011;FWK MW;CONNECTOR 018;LSR 200/10 EVO;;;;;;;;;;;;
RFIT AUDI A6 C8 EVO2;100012;4251834502819;RFIT200EVO2;Speaker Set Front;250;AS 200 EM EVO;HS 24 INSTALL EVO2;FWK TW;LSR-UNI-TW;LSR 200 VAG EVO;CONNECTOR 011;FWK MW;CONNECTOR 018;LSR 200/10 EVO;;;;;;;;;;;;
RFIT AUDI A7 C7 EVO2;100013;4251834502826;RFIT200EVO2;Speaker Set Front;250;AS 200 EM EVO;HS 24 INSTALL EVO2;FWK TW;LSR-UNI-TW;LSR 200 VAG EVO;CONNECTOR 011;FWK MW;CONNECTOR 018;LSR 200/10 EVO;;;;;;;;;;;;
RFIT AUDI A7 C8 EVO2;100014;4251834502833;RFIT200EVO2;Speaker Set Front;250;AS 200 EM EVO;HS 24 INSTALL EVO2;FWK TW;LSR-UNI-TW;LSR 200 VAG EVO;CONNECTOR 011;FWK MW;CONNECTOR 018;LSR 200/10 EVO;;;;;;;;;;;;
RFIT AUDI Q5 8R EVO2;100015;4251834501614;RFIT200EVO2;Speaker Set Front;250;AS 200 EM EVO;HS 24 INSTALL EVO2;FWK TW;LSR-UNI-TW;LSR 200 VAG EVO;CONNECTOR 011;FWK MW;CONNECTOR 018;;;;;;;;;;;;;
RFIT AUDI R8 4S EVO2;100017;4251834501638;RFIT200EVO2;Speaker Set Front;250;AS 200 EM EVO;HS 24 INSTALL EVO2;FWK TW;LSR-UNI-TW;LSR 200 VAG EVO;CONNECTOR 011;FWK MW;CONNECTOR 018;;;;;;;;;;;;;
RFIT SEAT LEON 5F EVO2;100062;4251834501652;RFIT200EVO2;Speaker Set Front;250;AS 200 EM EVO;HS 24 GOLF 6+7 EVO2;FWK TW;LSR 200 VAG EVO;CONNECTOR 011;CONNECTOR 018;FWK MW;;;;;;;;;;;;;;
RFIT VW TOURAN 5T EVO2;100091;4251834501539;RFIT200EVO2;Speaker Set Front;250;AS 200 EM EVO;HS 24 GOLF 6+7 EVO2;FWK TW;LSR 200 UNI;CONNECTOR 002;CONNECTOR 008;FWK MW;;;;;;;;;;;;;;
RFIT BMW E46 EVO2;100018;4260101647054;MFIT165EVO2;Speaker Set Front;220;AS 165 E46 EVO;HS 24 INSTALL EVO2;FWK TW;LSR-UNI-TW;FWK MW;;;;;;;;;;;;;;;;
XCFIT MERCEDES W124 EVO;100044;4260101647078;XFITMERCEDESEVO;Speaker Set Front;200;XC 120 EVO;CONNECTOR 013;;;;;;;;;;;;;;;;;;;
XCFIT PORSCHE 924 EVO;100056;4260101649416;XCFIT406EVO;Speaker Set Rear;200;XC 406 EVO;CONNECTOR 007;;;;;;;;;;;;;;;;;;;
XCFIT SEAT CORDOBA 6K REAR EVO;100060;4260101647672;XCFIT406EVO;Speaker Set Rear;200;XC 406 EVO;CONNECTOR 007;;;;;;;;;;;;;;;;;;;
XCFIT VW Bora Rear EVO;100066;4251834506145;XCFIT165EVO;Speaker Set Rear;240;XC 165 EVO;LSR VAG EVO;RSCT 1,5 VAG;CONNECTOR 020;;;;;;;;;;;;;;;;;
XCFIT VW Eos Rear EVO;100067;4251834506176;XCFIT165EVO;Speaker Set Rear;240;XC 165 EVO;LSR VAG EVO;RSCT 1,5 VAG-3;CONNECTOR 020;;;;;;;;;;;;;;;;;
XCFIT VW GOLF 1 EVO;100068;4260101647641;XCFIT406EVO;Speaker Set Front;200;XC 406 EVO;CONNECTOR 007;;;;;;;;;;;;;;;;;;;
XCFIT VW GOLF 2 REAR EVO;100069;4251834500075;XCFIT406EVO;Speaker Set Rear;200;XC 406 EVO;CONNECTOR 007;;;;;;;;;;;;;;;;;;;
XCFIT VW Golf 4 REAR-3 EVO;100070;4251834506206;XCFIT165EVO;Speaker Set Rear;240;XC 165 EVO;LSR VAG EVO;RSCT 1,5 VAG-3;CONNECTOR 020;;;;;;;;;;;;;;;;;
XCFIT VW Golf 4 REAR-5 EVO;100070;4251834506237;XCFIT165EVO;Speaker Set Rear;240;XC 165 EVO;LSR VAG EVO;RSCT 1,5 VAG;CONNECTOR 020;;;;;;;;;;;;;;;;;
XCFIT VW Golf 5 REAR-3 EVO;100071;4251834506268;XCFIT165EVO;Speaker Set Rear;240;XC 165 EVO;LSR VAG EVO;RSCT 1,5 VAG-3;CONNECTOR 020;;;;;;;;;;;;;;;;;
XCFIT VW Golf 5 REAR-5 EVO;100071;4251834506299;XCFIT165EVO;Speaker Set Rear;240;XC 165 EVO;LSR VAG EVO;RSCT 1,5 VAG;CONNECTOR 020;;;;;;;;;;;;;;;;;
XCFIT VW Golf 6 REAR-3 EVO;100072;4251834506329;XCFIT165EVO;Speaker Set Rear;240;XC 165 EVO;LSR VAG EVO;RSCT 1,5 VAG-3;CONNECTOR 020;;;;;;;;;;;;;;;;;
XCFIT VW Golf 6 REAR-5 EVO;100072;4251834506350;XCFIT165EVO;Speaker Set Rear;240;XC 165 EVO;LSR VAG EVO;RSCT 1,5 VAG-3;CONNECTOR 020;;;;;;;;;;;;;;;;;
XCFIT VW Golf 7 REAR-3 EVO;100073;4251834506381;XCFIT165EVO;Speaker Set Rear;240;XC 165 EVO;LSR VAG EVO;RSCT 1,5 VAG-3;CONNECTOR 020;;;;;;;;;;;;;;;;;
XCFIT VW Golf 7 REAR-5 EVO;100073;4251834506411;XCFIT165EVO;Speaker Set Rear;240;XC 165 EVO;LSR VAG EVO;RSCT 1,5 VAG-3;CONNECTOR 020;;;;;;;;;;;;;;;;;
XCFIT VW Golf 8 REAR EVO;100074;4251834506442;XCFIT165EVO;Speaker Set Rear;240;XC 165 EVO;LSR VAG EVO;RSCT 1,5 VAG-3;CONNECTOR 020;;;;;;;;;;;;;;;;;
XCFIT VW ID.4 REAR EVO;100075;4251834506473;XCFIT165EVO;Speaker Set Rear;240;XC 165 EVO;LSR VAG EVO;RSCT 1,5 VAG;CONNECTOR 020;;;;;;;;;;;;;;;;;
XCFIT VW LUPO REAR-3 EVO;100076;4251834506503;XCFIT165EVO;Speaker Set Rear;240;XC 165 EVO;LSR VAG EVO;RSCT 1,5 VAG;CONNECTOR 020;;;;;;;;;;;;;;;;;
XCFIT VW LUPO REAR-5 EVO;100076;4251834506923;XCFIT165EVO;Speaker Set Rear;240;XC 165 EVO;LSR VAG EVO;RSCT 1,5 VAG;CONNECTOR 020;;;;;;;;;;;;;;;;;
XCFIT VW PASSAT 32B EVO;100077;4260101647665;XCFIT406EVO;Speaker Set Front;200;XC 406 EVO;CONNECTOR 007;;;;;;;;;;;;;;;;;;;
XCFIT VW PASSAT 3B(G) REAR EVO;100078;4251834506534;XCFIT165EVO;Speaker Set Rear;240;XC 165 EVO;LSR VAG EVO;RSCT 1,5 VAG;CONNECTOR 020;;;;;;;;;;;;;;;;;
XCFIT VW PASSAT 3C REAR EVO;100079;4251834506565;XCFIT165EVO;Speaker Set Rear;240;XC 165 EVO;LSR VAG EVO;RSCT 1,5 VAG;CONNECTOR 020;;;;;;;;;;;;;;;;;
XCFIT VW POLO 6C REAR-3 EVO;100082;4251834506657;XCFIT165EVO;Speaker Set Rear;240;XC 165 EVO;LSR VAG EVO;RSCT 1,5 VAG-3;CONNECTOR 020;;;;;;;;;;;;;;;;;
XCFIT VW POLO 6C REAR-5 EVO;100082;4251834506893;XCFIT165EVO;Speaker Set Rear;240;XC 165 EVO;LSR VAG EVO;RSCT 1,5 VAG;CONNECTOR 020;;;;;;;;;;;;;;;;;
XCFIT VW POLO 6R REAR-3 EVO;100081;4251834506626;XCFIT165EVO;Speaker Set Rear;240;XC 165 EVO;LSR VAG EVO;RSCT 1,5 VAG-3;CONNECTOR 020;;;;;;;;;;;;;;;;;
XCFIT VW POLO 6R REAR-5 EVO;100081;4251834506862;XCFIT165EVO;Speaker Set Rear;240;XC 165 EVO;LSR VAG EVO;RSCT 1,5 VAG;CONNECTOR 020;;;;;;;;;;;;;;;;;
XCFIT VW POLO 9N REAR-3 EVO;100080;4251834506596;XCFIT165EVO;Speaker Set Rear;240;XC 165 EVO;LSR VAG EVO;RSCT 1,5 VAG-3;CONNECTOR 020;;;;;;;;;;;;;;;;;
XCFIT VW POLO 9N REAR-5 EVO;100080;4251834506831;XCFIT165EVO;Speaker Set Rear;240;XC 165 EVO;LSR VAG EVO;RSCT 1,5 VAG;CONNECTOR 020;;;;;;;;;;;;;;;;;
XCFIT VW POLO AW REAR EVO;100083;4251834506688;XCFIT165EVO;Speaker Set Rear;240;XC 165 EVO;LSR VAG EVO;RSCT 1,5 VAG;CONNECTOR 020;;;;;;;;;;;;;;;;;
XCFIT VW SCIROCCO 1 EVO;100084;4260101647658;XCFIT406EVO;Speaker Set Front;200;XC 406 EVO;CONNECTOR 007;;;;;;;;;;;;;;;;;;;
XCFIT VW SCIROCCO 2 EVO;100085;4251834500082;XCFIT406EVO;Speaker Set Front;200;XC 406 EVO;CONNECTOR 007;;;;;;;;;;;;;;;;;;;
XCFIT VW SCIROCCO 3 REAR EVO;100086;4251834506718;XCFIT165EVO;Speaker Set Rear;240;XC 165 EVO;LSR VAG EVO;RSCT 1,5 VAG-3;CONNECTOR 020;;;;;;;;;;;;;;;;;
XCFIT VW T4 REAR EVO;100087;4260101647399;XCFIT120EVO;Speaker Set Rear;200;XC 120 EVO;CONNECTOR 013;;;;;;;;;;;;;;;;;;;
XCFIT VW TOURAN 5T REAR EVO;100091;4251834506800;XCFIT165EVO;Speaker Set Rear;240;XC 165 EVO;LSR VAG EVO;RSCT 1,5 VAG;CONNECTOR 020;;;;;;;;;;;;;;;;;
XCFIT VW UP! REAR-3 EVO;100092;4251834506749;XCFIT165EVO;Speaker Set Rear;240;XC 165 EVO;LSR VAG EVO;RSCT 1,5 VAG-3;CONNECTOR 020;;;;;;;;;;;;;;;;;
XCFIT VW UP! REAR-5 EVO;100092;4251834506770;XCFIT165EVO;Speaker Set Rear;240;XC 165 EVO;LSR VAG EVO;RSCT 1,5 VAG;CONNECTOR 020;;;;;;;;;;;;;;;;;
XFIT 200 VW BORA EVO2;100066;4251834500815;XFIT200EVO2;Speaker Set Front;300;AS 200 EM EVO;HS 24 VW EVO 2;FWK TW EVO;LSR GOLF IV 200;CONNECTOR 001;CONNECTOR 002;FWK MW;;;;;;;;;;;;;;
XFIT 200 VW GOLF 4 EVO2;100070;4251834500792;XFIT165EVO2;Speaker Set Front;260;AS 165 EM EVO;HS 24 VW EVO 2;FWK TW EVO;LSR VAG EVO;CONNECTOR 001;CONNECTOR 002;FWK MW;MBR165;;;;;;;;;;;;;
XFIT 200 VW PASSAT 3BG EVO2;100078;4251834500808;XFIT200EVO2;Speaker Set Front;300;AS 200 EM EVO;HS 24 VW EVO 2;FWK TW EVO;LSR Golf IV EVO;CONNECTOR 001;CONNECTOR 002;FWK MW;;;;;;;;;;;;;;
XFIT AUDI A3 8L EVO2;100001;4251834500426;XFIT130EVO2;Speaker Set Front;260;AS 130 EM EVO;HS 25 INSTALL EVO2;FWK TW EVO;LSR-UNI-TW;LSR AUDI1;CONNECTOR 007;FWK MW;;;;;;;;;;;;;;
XFIT AUDI A3 8P EVO2;100002;4251834500204;XFIT165EVO2;Speaker Set Front;260;AS 165 EM EVO;HS 25 INSTALL EVO2;FWK TW EVO;LSR-UNI-TW;LSR VAG2;CONNECTOR 011;FWK MW;;;;;;;;;;;;;;
XFIT AUDI A3 8V EVO2;100003;4251834501607;XFIT200EVO2;Speaker Set Front;300;AS 200 EM EVO;HS 25 INSTALL EVO2;FWK TW EVO;LSR-UNI-TW;LSR 200 VAG EVO;CONNECTOR 011;FWK MW;CONNECTOR 018;MBR200;;;;;;;;;;;;
XFIT AUDI A4 B5 EVO2;100004;4251834500433;XFIT130EVO2;Speaker Set Front;260;AS 130 EM EVO;HS 25 INSTALL EVO2;FWK TW EVO;LSR-UNI-TW;LSR AUDI2;CONNECTOR 007;FWK MW;;;;;;;;;;;;;;
XFIT AUDI A4 B6 EVO2;100005;4251834501270;XFIT165EVO2;Speaker Set Front;260;AS 165 EM EVO;HS 25 INSTALL EVO2;FWK TW EVO;LSR-UNI-TW;LSR VAG2;CONNECTOR 011;FWK MW;MBR165;;;;;;;;;;;;;
XFIT AUDI A4 B7 EVO2;100006;4251834501287;XFIT165EVO2;Speaker Set Front;260;AS 165 EM EVO;HS 25 INSTALL EVO2;FWK TW EVO;LSR-UNI-TW;LSR VAG2;CONNECTOR 011;FWK MW;MBR165;;;;;;;;;;;;;
XFIT AUDI A4 B8 EVO2;100007;4251834501683;XFIT200EVO2;Speaker Set Front;300;AS 200 EM EVO;HS 25 INSTALL EVO2;FWK TW EVO;LSR-UNI-TW;LSR 200-45 VAG EVO;CONNECTOR 011;FWK MW;CONNECTOR 018;MBR200;;;;;;;;;;;;
XFIT AUDI A4 B9 EVO2;100008;4251834501706;XFIT200EVO2;Speaker Set Front;300;AS 200 EM EVO;HS 25 INSTALL EVO2;FWK TW EVO;LSR-UNI-TW;LSR 200-45 VAG EVO;CONNECTOR 011;FWK MW;CONNECTOR 018;MBR200;;;;;;;;;;;;
XFIT AUDI A5 8T EVO2;100009;4251834501720;XFIT200EVO2;Speaker Set Front;300;AS 200 EM EVO;HS 25 INSTALL EVO2;FWK TW EVO;LSR-UNI-TW;LSR 200-45 VAG EVO;CONNECTOR 011;FWK MW;CONNECTOR 018;MBR200;;;;;;;;;;;;
XFIT AUDI A5 F5 EVO2;100010;4251834501744;XFIT200EVO2;Speaker Set Front;300;AS 200 EM EVO;HS 25 INSTALL EVO2;FWK TW EVO;LSR-UNI-TW;LSR 200-45 VAG EVO;CONNECTOR 011;FWK MW;CONNECTOR 018;MBR200;;;;;;;;;;;;
XFIT AUDI A6 C7 EVO2;100011;4251834502840;XFIT200EVO2;Speaker Set Front;300;AS 200 EM EVO;HS 25 INSTALL EVO2;FWK TW EVO;LSR-UNI-TW;LSR 200 VAG EVO;CONNECTOR 011;FWK MW;CONNECTOR 018;MBR200;;;;;;;;;;;;
XFIT AUDI A6 C8 EVO2;100012;4251834502857;XFIT200EVO2;Speaker Set Front;300;AS 200 EM EVO;HS 25 INSTALL EVO2;FWK TW EVO;LSR-UNI-TW;LSR 200 VAG EVO;CONNECTOR 011;FWK MW;CONNECTOR 018;MBR200;;;;;;;;;;;;
XFIT AUDI A7 C7 EVO2;100013;4251834502864;XFIT200EVO2;Speaker Set Front;300;AS 200 EM EVO;HS 25 INSTALL EVO2;FWK TW EVO;LSR-UNI-TW;LSR 200 VAG EVO;CONNECTOR 011;FWK MW;CONNECTOR 018;MBR200;;;;;;;;;;;;
XFIT AUDI A7 C8 EVO2;100014;4251834502871;XFIT200EVO2;Speaker Set Front;300;AS 200 EM EVO;HS 25 INSTALL EVO2;FWK TW EVO;LSR-UNI-TW;LSR 200 VAG EVO;CONNECTOR 011;FWK MW;CONNECTOR 018;MBR200;;;;;;;;;;;;
XFIT AUDI Q5 8R EVO2;100015;4251834501621;XFIT200EVO2;Speaker Set Front;300;AS 200 EM EVO;HS 25 INSTALL EVO2;FWK TW EVO;LSR-UNI-TW;LSR 200 VAG EVO;CONNECTOR 011;FWK MW;CONNECTOR 018;MBR200;;;;;;;;;;;;
XFIT AUDI R8 42 EVO2;100016;4251834500228;XFIT165EVO2;Speaker Set Front;260;AS 165 EM EVO;HS 25 INSTALL EVO2;FWK TW EVO;LSR-UNI-TW;LSR VAG2;CONNECTOR 011;FWK MW;MBR165;;;;;;;;;;;;;
XFIT AUDI R8 4S EVO2;100017;4251834501645;XFIT200EVO2;Speaker Set Front;300;AS 200 EM EVO;HS 25 INSTALL EVO2;FWK TW EVO;LSR-UNI-TW;LSR 200 VAG EVO;CONNECTOR 011;FWK MW;CONNECTOR 018;MBR200;;;;;;;;;;;;
XFIT CITROEN JUMPER EVO 2;100019;4260101647627;XFIT165EVO2;Speaker Set Front;260;AS 165 EM EVO;HS 25 INSTALL EVO2;FWK TW EVO;LSR-UNI-TW;FWK MW;LSR DUCATO EVO;CONNECTOR 007;CONNECTOR 009;;;;;;;;;;;;;
XFIT FIAT DUCATO EVO 2;100020;4260101645999;XFIT165EVO2;Speaker Set Front;260;AS 165 EM EVO;HS 25 INSTALL EVO2;FWK TW EVO;LSR-UNI-TW;FWK MW;LSR DUCATO EVO;CONNECTOR 007;CONNECTOR 009;;;;;;;;;;;;;
XFIT FORD FOCUS MK3 EVO2;100021;4251834503151;XFIT165EVO2;Speaker Set Front;260;AS 165 EM EVO;HS 25 INSTALL EVO2;FWK TW EVO;LSR FORD 1;CONNECTOR 021;FWK TW EVO;MBR165;;;;;;;;;;;;;;
XFIT FORD TRANSIT 6 CONNECT EVO2;100022;4251834506053;XFIT165EVO2;Speaker Set Front;260;AS 165 EM EVO;HS 25 INSTALL EVO2;FWK TW EVO;LSR-UNI-TW;LSR FORD2;CONNECTOR 017;CONNECTOR 024;FWK TW EVO;MBR165;;;;;;;;;;;;
XFIT FORD TRANSIT 6 CUSTOM EVO2;100023;4251834506077;XFIT165EVO2;Speaker Set Front;260;AS 165 EM EVO;HS 25 INSTALL EVO2;FWK TW EVO;LSR-UNI-TW;LSR FORD2;CONNECTOR 017;CONNECTOR 024;FWK TW EVO;MBR165;;;;;;;;;;;;
XFIT HYUNDAI I30 PD EVO2;100024;4251834506022;XFIT165EVO2;Speaker Set Front;260;AS 165 EM EVO;HS 25 INSTALL EVO2;FWK TW EVO;LSR-UNI-TW;FWK MW;LSR HYUNDAI1;CONNECTOR 022;CONNECTOR 023;MBR165;;;;;;;;;;;;
XFIT LAMBORHINI GALLARDO EVO2;100025;4251834500235;XFIT165EVO2;Speaker Set Front;260;AS 165 EM EVO;HS 25 INSTALL EVO2;FWK TW EVO;LSR-UNI-TW;FWK MW;LSR VAG2;CONNECTOR 011;MBR165;;;;;;;;;;;;;
XFIT MERCEDES C-CLASS W203 EVO2;100026;4251834501560;XFIT165EVO2;Speaker Set Front;260;AS 165 EM EVO;HS 25 INSTALL EVO2;FWK TW EVO;LSR MERC3;FWK MW;CONNECTOR 005;CONNECTOR 019;MBR165;;;;;;;;;;;;;
XFIT MERCEDES C-CLASS W204 EVO2;100027;4251834501584;XFIT165EVO2;Speaker Set Front;260;AS 165 EM EVO;HS 25 INSTALL EVO2;FWK TW EVO;LSR MERC1;FWK MW;CONNECTOR 005;CONNECTOR 011;MBR165;;;;;;;;;;;;;
XFIT MERCEDES SPRINTER W906 EVO2;100038;4251834500495;XFIT130EVO2;Speaker Set Front;260;AS 130 EM EVO;HS 25 INSTALL EVO2;FWK TW EVO;LSR-UNI-TW;LSR MERC2;CONNECTOR 005;CONNECTOR 012;FWK MW;;;;;;;;;;;;;
XFIT MERCEDES SPRINTER W907 EVO2;100039;4251834503175;XFIT165EVO2;Speaker Set Front;260;AS 165 FLAT EVO2*;HS 25 INSTALL EVO2*;FWK TW EVO;LSR SPRINTER;CONNECTOR 014;CONNECTOR 011;FWK MW;;;;;;;;;;;;;;
XFIT MERCEDES V-CLASS W447 EVO2;100040;4251834501300;XFIT165EVO2;Speaker Set Front;260;AS 165 EM EVO;HS 25 INSTALL EVO2;FWK TW EVO;LSR MERC1;CONNECTOR 005;CONNECTOR 011;FWK MW;;;;;;;;;;;;;;
XFIT MERCEDES VIANO W639 EVO2;100043;4251834500501;XFIT130EVO2;Speaker Set Front;260;AS 130 EM EVO;HS 25 EVO2;FWK TW EVO;LSR MERC2;CONNECTOR 005;CONNECTOR 012;FWK MW;;;;;;;;;;;;;;
XFIT MERCEDES VITO W447 EVO2;100041;4260101646002;XFIT165EVO2;Speaker Set Front;260;AS 165 EM EVO;HS 25 INSTALL EVO2;FWK TW EVO;LSR MERC1;CONNECTOR 005;CONNECTOR 011;FWK MW;MBR165;;;;;;;;;;;;;
XFIT MERCEDES VITO W639 EVO2;100042;4251834500518;XFIT130EVO2;Speaker Set Front;260;AS 130 EM EVO;HS 25 EVO2;FWK TW EVO;LSR MERC2;CONNECTOR 005;CONNECTOR 012;FWK MW;;;;;;;;;;;;;;
XFIT MERCEDES X-CLASS W470 EVO2;100045;4260101646019;XFIT165EVO2;Speaker Set Front;260;AS 165 EM EVO;HS 25 INSTALL EVO2;FWK TW EVO;LSR MERC1;CONNECTOR 005;CONNECTOR 011;FWK MW;MBR165;;;;;;;;;;;;;
XFIT OPEL ADAM EVO2;100046;4251834500686;XFIT165EVO2;Speaker Set Front;260;AS 165 EM EVO;HS 25 INSTALL EVO2;FWK TW EVO;LSR-UNI-TW;LSR OPEL1;CONNECTOR 009;CONNECTOR 017;FWK MW;MBR165;;;;;;;;;;;;
XFIT OPEL ASTRA J EVO2;100047;4251834500693;XFIT165EVO2;Speaker Set Front;260;AS 165 EM EVO;HS 25 INSTALL EVO2;FWK TW EVO;LSR-UNI-TW;LSR OPEL1;CONNECTOR 009;CONNECTOR 017;FWK MW;MBR165;;;;;;;;;;;;
XFIT OPEL ASTRA K EVO2;100048;4251834500709;XFIT165EVO2;Speaker Set Front;260;AS 165 EM EVO;HS 25 INSTALL EVO2;FWK TW EVO;LSR-UNI-TW;LSR OPEL1;CONNECTOR 009;CONNECTOR 017;FWK MW;MBR165;;;;;;;;;;;;
XFIT OPEL INSIGNIA A EVO2;100049;4251834500716;XFIT165EVO2;Speaker Set Front;260;AS 165 EM EVO;HS 25 INSTALL EVO2;FWK TW EVO;LSR-UNI-TW;LSR OPEL1;CONNECTOR 009;CONNECTOR 017;FWK MW;MBR165;;;;;;;;;;;;
XFIT OPEL KARL EVO2;100050;4251834500723;XFIT165EVO2;Speaker Set Front;260;AS 165 EM EVO;HS 25 INSTALL EVO2;FWK TW EVO;LSR-UNI-TW;LSR OPEL1;CONNECTOR 009;CONNECTOR 017;FWK MW;MBR165;;;;;;;;;;;;
XFIT OPEL MERIVA B EVO2;100051;4251834500730;XFIT165EVO2;Speaker Set Front;260;AS 165 EM EVO;HS 25 INSTALL EVO2;FWK TW EVO;LSR-UNI-TW;LSR OPEL1;CONNECTOR 009;CONNECTOR 017;FWK MW;MBR165;;;;;;;;;;;;
XFIT OPEL MOKKA A EVO2;100052;4251834500747;XFIT165EVO2;Speaker Set Front;260;AS 165 EM EVO;HS 25 INSTALL EVO2;FWK TW EVO;LSR-UNI-TW;LSR OPEL1;CONNECTOR 009;CONNECTOR 017;FWK MW;MBR165;;;;;;;;;;;;
XFIT OPEL MOKKA X EVO2;100053;4251834500754;XFIT165EVO2;Speaker Set Front;260;AS 165 EM EVO;HS 25 INSTALL EVO2;FWK TW EVO;LSR-UNI-TW;LSR OPEL1;CONNECTOR 009;CONNECTOR 017;FWK MW;MBR165;;;;;;;;;;;;
XFIT OPEL ZAFIRA TOURER EVO2;100054;4251834500761;XFIT165EVO2;Speaker Set Front;260;AS 165 EM EVO;HS 25 INSTALL EVO2;FWK TW EVO;LSR-UNI-TW;LSR OPEL1;CONNECTOR 009;CONNECTOR 017;FWK MW;MBR165;;;;;;;;;;;;
XFIT PEUGEOT BOXER EVO 2;100055;4260101647634;XFIT165EVO2;Speaker Set Front;260;AS 165 EM EVO;HS 25 INSTALL EVO2;FWK TW EVO;LSR-UNI-TW;LSR DUCATO EVO;CONNECTOR 007;CONNECTOR 009;FWK MW;MBR165;;;;;;;;;;;;
XFIT SAAB 9-3I EVO2;100057;4251834500259;XFIT165EVO2;Speaker Set Front;260;AS 165 EM EVO;HS 25 INSTALL EVO2;FWK TW EVO;LSR-UNI-TW;LSR VAG2;CONNECTOR 011;FWK MW;MBR165;;;;;;;;;;;;;
XFIT SEAT AROSA EVO2;100058;4251834502635;XFIT165EVO2;Speaker Set Front;260;AS 165 EM EVO;HS 25 VW EVO 2;FWK TW EVO;LSR VAG EVO;CONNECTOR 001;CONNECTOR 002;FWK MW;MBR165;;;;;;;;;;;;;
XFIT SEAT EXEO EVO2;100059;4251834500242;XFIT165EVO2;Speaker Set Front;260;AS 165 EM EVO;HS 25 INSTALL EVO2;FWK TW EVO;LSR-UNI-TW;LSR VAG2;CONNECTOR 011;FWK MW;MBR165;;;;;;;;;;;;;
XFIT SEAT IBIZA 6F EVO2;100061;4251834506954;XFIT165EVO2;Speaker Set Front;260;AS 165 EM EVO;HS 25 VW EVO 2;FWK TW EVO;LSR VAG EVO;CONNECTOR 020;CONNECTOR 008;FWK MW;MBR165;;;;;;;;;;;;;
XFIT SEAT LEON 5F EVO2;100062;4251834501669;XFIT200EVO2;Speaker Set Front;300;AS 200 EM EVO;HS 25 GOLF 6+7 EVO2;FWK TW EVO;LSR 200 VAG EVO;CONNECTOR 011;CONNECTOR 018;FWK MW;MBR200;;;;;;;;;;;;;
XFIT SKODA FABIA 6Y EVO2;100063;4251834506091;XFIT165EVO2;Speaker Set Front;260;AS 165 EM EVO;HS 24 VW EVO 2;FWK TW EVO;LSR VAG EVO;CONNECTOR 001;CONNECTOR 020;FWK MW;MBR165;;;;;;;;;;;;;
XFIT SKODA OCTAVIA 5E EVO2;100064;4251834501355;XFIT165EVO2;Speaker Set Front;260;AS 165 EM EVO;HS 25 VW EVO 2;FWK TW EVO;LSR VAG EVO;CONNECTOR 005;CONNECTOR 011;FWK MW;MBR165;;;;;;;;;;;;;
XFIT SKODA SUPERB 3V EVO2;100065;4251834501362;XFIT165EVO2;Speaker Set Front;260;AS 165 EM EVO;HS 25 VW EVO 2;FWK TW EVO;LSR VAG EVO;CONNECTOR 005;CONNECTOR 011;FWK MW;MBR165;;;;;;;;;;;;;
XFIT VW BORA EVO2;100066;4260101646194;XFIT165EVO2;Speaker Set Front;260;AS 165 EM EVO;HS 24 VW EVO 2;FWK TW EVO;LSR VAG EVO;CONNECTOR 001;CONNECTOR 002;FWK MW;MBR165;;;;;;;;;;;;;
XFIT VW EOS EVO2;100067;4260101646118;XFIT165EVO2;Speaker Set Front;260;AS 165 EM EVO;HS 24 VW EVO 2;FWK TW EVO;LSR VAG EVO;CONNECTOR 001;CONNECTOR 002;FWK MW;MBR165;;;;;;;;;;;;;
XFIT VW GOLF 4 EVO2;100070;4260101646170;XFIT165EVO2;Speaker Set Front;260;AS 165 EM EVO;HS 24 VW EVO 2;FWK TW EVO;LSR VAG EVO;CONNECTOR 001;CONNECTOR 002;FWK MW;MBR165;;;;;;;;;;;;;
XFIT VW GOLF 5 EVO2;100071;4251834501508;XFIT2EVO2;Speaker Set Front;500;HS 25 VW EVO2;EX 80 SQ EVO2;AX 08 FLAT EVO2;LSR 80 GOLF 5;LSR 200 UNI;FWK TW EVO;CONNECTOR 004;FWK MID;FWK W;MBR200;;;;;;;;;;;
XFIT VW GOLF 6 EVO2;100072;4260101646101;XFIT165EVO2;Speaker Set Front;260;AS 165 EM EVO;HS 25 GOLF 6+7 EVO2;FWK TW EVO;LSR VAG EVO;CONNECTOR 001;CONNECTOR 002;FWK MW;MBR165;;;;;;;;;;;;;
XFIT VW GOLF 7 EVO2;100073;4260101646095;XFIT165EVO2;Speaker Set Front;260;AS 165 EM EVO;HS 25 GOLF 6+7 EVO2;FWK TW EVO;LSR VAG EVO;CONNECTOR 008;CONNECTOR 020;FWK MW;MBR165;;;;;;;;;;;;;
XFIT VW GOLF 8 EVO2;100074;4251834502468;XFIT165EVO2;Speaker Set Front;260;AS 165 EM EVO;HS 25 GOLF 6+7 EVO2;FWK TW EVO;LSR VAG EVO;CONNECTOR 008;CONNECTOR 020;FWK MW;MBR165;;;;;;;;;;;;;
XFIT VW LUPO EVO2;100076;4251834502628;XFIT165EVO2;Speaker Set Front;260;AS 165 EM EVO;HS 24 VW EVO 2;FWK TW EVO;LSR VAG EVO;CONNECTOR 001;CONNECTOR 002;FWK MW;MBR165;;;;;;;;;;;;;
XFIT VW PASSAT 3BG EVO2;100078;4260101646187;XFIT165EVO2;Speaker Set Front;260;AS 165 EM EVO;HS 24 VW EVO 2;FWK TW EVO;LSR VAG EVO;CONNECTOR 001;CONNECTOR 002;FWK MW;MBR165;;;;;;;;;;;;;
XFIT VW PASSAT 3C EVO2;100079;4251834501522;XFIT165EVO2;Speaker Set Front;260;AS 165 EM EVO;HS 25 GOLF 6+7 EVO2;FWK TW EVO;LSR VW PASSAT 3C;CONNECTOR 001;CONNECTOR 002;FWK MW;MBR165;;;;;;;;;;;;;
XFIT VW POLO 6C EVO2;100082;4260101646156;XFIT165EVO2;Speaker Set Front;260;AS 165 EM EVO;HS 24 VW EVO 2;FWK TW EVO;LSR VAG EVO;CONNECTOR 001;CONNECTOR 002;FWK MW;MBR165;;;;;;;;;;;;;
XFIT VW POLO 6R EVO2;100081;4260101646149;XFIT165EVO2;Speaker Set Front;260;AS 165 EM EVO;HS 24 VW EVO 2;FWK TW EVO;LSR VAG EVO;CONNECTOR 001;CONNECTOR 002;FWK MW;MBR165;;;;;;;;;;;;;
XFIT VW POLO 9N EVO2;100080;4260101646132;XFIT165EVO2;Speaker Set Front;260;AS 165 EM EVO;HS 24 VW EVO 2;FWK TW EVO;LSR VAG EVO;CONNECTOR 001;CONNECTOR 002;FWK MW;MBR165;;;;;;;;;;;;;
XFIT VW POLO AW EVO2;100083;4260101646163;XFIT165EVO2;Speaker Set Front;260;AS 165 EM EVO;HS 25 GOLF 6+7 EVO2;FWK TW EVO;LSR VAG EVO;CONNECTOR 001;CONNECTOR 002;FWK MW;MBR165;;;;;;;;;;;;;
XFIT VW SCIROCCO 3 EVO2;100086;4260101646125;XFIT165EVO2;Speaker Set Front;260;AS 165 EM EVO;HS 25 GOLF 6+7 EVO2;FWK TW EVO;LSR VAG EVO;CONNECTOR 001;CONNECTOR 002;FWK MW;MBR165;;;;;;;;;;;;;
XFIT VW T5 EVO2;100088;4260101649393;XFIT200EVO2;Speaker Set Front;300;AS 200 EM EVO;HS 25 INSTALL EVO2;FWK TW EVO;LSR-UNI-TW;LSR 200-45 VAG EVO;CONNECTOR 001;CONNECTOR 002;FWK MW;MBR200;;;;;;;;;;;;
XFIT VW T6 EVO2;100089;4260101649409;XFIT200EVO2;Speaker Set Front;300;AS 200 EM EVO;HS 25 GOLF 6+7 EVO2;FWK TW EVO;LSR 200-45 VAG EVO;CONNECTOR 001;CONNECTOR 002;FWK MW;MBR200;;;;;;;;;;;;;
XFIT VW T6.1 EVO2;100090;4260101649904;XFIT165EVO2;Speaker Set Front;260;AS 165 EM EVO;HS 25 GOLF 6+7 EVO2;FWK TW EVO;LSR VAG EVO;CONNECTOR 001;CONNECTOR 002;FWK MW;MBR165;;;;;;;;;;;;;
XFIT VW TOURAN 5T EVO2;100091;4251834501546;XFIT200EVO2;Speaker Set Front;300;AS 200 EM EVO;HS 25 GOLF 6+7 EVO2;FWK TW EVO;LSR 200 UNI;CONNECTOR 002;CONNECTOR 008;FWK MW;MBR200;;;;;;;;;;;;;
XFIT VW UP EVO2;100092;4251834502659;XFIT165EVO2;Speaker Set Front;260;AS 165 EM EVO;HS 24 VW EVO 2;FWK TW EVO;LSR VAG EVO;CONNECTOR 001;CONNECTOR 002;FWK MW;MBR165;;;;;;;;;;;;;
XFIT BMW E46 EVO2;100018;4260101647184;XFIT165EVO2;Speaker Set Front;260;AS 165 E46 EVO;HS 25 INSTALL EVO2;FWK TW EVO;LSR-UNI-TW;FWK MW;CONNECTOR 012;;;;;;;;;;;;;;;
XFIT VW ID.4 EVO2;100075;4251834503113;XFIT165EVO2;Speaker Set Front;260;AS 165 EM EVO;HS 25 GOLF 6+7 EVO2;FWK TW EVO;LSR VAG EVO;CONNECTOR 008;CONNECTOR 020;FWK MW;MBR165;;;;;;;;;;;;;
